green_roof_area,building_area,ratio_green_area,construction_year,roof_height,ground_elev,digitized,borough,xcoord,ycoord,area_type
971,14057,0.07,1900,59,90,1,BK,-73.93491,40.67389,public
696,4463,0.16,1900,13,21,0,MN,-73.99982,40.73481,commercial
293,13217,0.02,1900,93,7,0,MN,-74.00906,40.7248,commercial
759,4311,0.18,1900,99,21,0,MN,-74.00836,40.71595,commercial
7204,35891,0.2,1990,206,10,1,BX,-73.91227,40.81906,commercial
155,1124,0.14,1900,54,62,0,MN,-73.96282,40.77134,residential
147,5813,0.03,1900,118,13,0,MN,-74.00885,40.73503,commercial
215,4939,0.04,1960,66,30,0,MN,-73.9854,40.73294,commercial
230,2200,0.1,1990,61,12,0,MN,-74.00785,40.72211,commercial
238,1130,0.21,1900,54,62,0,MN,-73.96287,40.77136,residential
54774,152909,0.36,1930,179,90,0,MN,-73.98513,40.77092,commercial
2010,86153,0.02,1960,568,65,0,MN,-73.97867,40.76009,commercial
262,1615,0.16,1900,46,14,0,MN,-73.97994,40.72744,residential
161,8404,0.02,1930,230,35,0,MN,-73.96148,40.75658,residential
1237,29374,0.04,1990,410,40,0,MN,-73.99113,40.74436,commercial
353,21232,0.02,1960,210,12,0,MN,-74.01624,40.70933,residential
2010,21270,0.09,1990,58,66,1,BX,-73.9002,40.83898,industrial
2295,50596,0.05,1990,36,16,1,BK,-73.91616,40.62928,residential
639,1166,0.55,1900,29,71,1,BX,-73.88793,40.81354,residential
931,22367,0.04,1990,48,4,0,BK,-73.93909,40.58326,residential
2807,13242,0.21,1930,39,13,0,BK,-73.95866,40.73035,industrial
12684,33358,0.38,1960,223,92,0,QN,-73.85081,40.72834,residential
188,1513,0.12,1990,78,10,0,MN,-73.9775,40.72364,residential
949,22260,0.04,1960,253,54,0,BK,-73.99122,40.7006,residential
6256,11437,0.55,1850,44,50,1,BX,-73.89891,40.81539,residential
2250,12738,0.18,1900,91,19,0,MN,-74.00768,40.71654,commercial
2448,49776,0.05,1960,182,104,0,QN,-73.83135,40.71335,commercial
2976,14854,0.2,1990,85,64,0,BX,-73.90285,40.88837,residential
1243,4868,0.26,1900,38,14,0,MN,-74.00796,40.73663,commercial
5661,30356,0.19,1900,181,79,1,MN,-73.97993,40.76507,commercial
180,2371,0.08,1990,80,19,0,MN,-74.00736,40.7165,commercial
4160,46630,0.09,1990,41,15,1,BK,-73.9173,40.6301,residential
1594,8081,0.2,1960,144,52,1,MN,-73.98056,40.78563,residential
128158,200331,0.64,1990,137,43,1,BK,-73.97516,40.6826,commercial
24015,53638,0.45,1930,25,70,1,BK,-73.96419,40.65729,industrial
11084,46505,0.24,1990,37,18,0,BK,-73.99213,40.70289,public
2634,47633,0.06,1990,609,25,0,MN,-73.99449,40.75899,industrial
1081,11177,0.1,1990,173,14,0,MN,-73.99454,40.75628,commercial
469,7257,0.06,1990,83,20,0,MN,-73.93918,40.82269,commercial
1837,47544,0.04,1990,70,16,0,BK,-73.96241,40.71829,residential
191,10454,0.02,1900,87,21,0,MN,-74.00066,40.7269,industrial
4517,36935,0.12,1990,168,8,0,MN,-74.00533,40.74864,industrial
4277,14749,0.29,1990,230,16,1,MN,-74.01429,40.7166,commercial
4237,51609,0.08,1990,143,22,1,MN,-73.94842,40.80101,residential
1358,30570,0.04,1990,222,83,0,MN,-73.95527,40.77893,commercial
6643,13488,0.49,1930,41,6,0,BX,-73.9315,40.82441,commercial
603,15623,0.04,1900,203,97,0,MN,-73.9713,40.78298,industrial
837,12549,0.07,1930,210,63,0,MN,-73.96563,40.77381,residential
133,1233,0.11,1900,55,23,0,MN,-73.99939,40.73606,residential
1445,11745,0.12,1850,32,29,0,BX,-73.90918,40.82825,residential
2103,14160,0.15,1990,240,73,0,MN,-73.98248,40.77862,industrial
514,5127,0.1,1930,173,65,0,MN,-73.96542,40.7742,commercial
800,2197,0.36,1900,54,20,0,MN,-73.98253,40.73523,residential
6416,62987,0.1,1990,80,99,0,MN,-73.97376,40.78174,residential
742,8645,0.09,1990,136,9,0,MN,-74.00815,40.72465,public
4160,177959,0.02,1960,71,12,0,MN,-73.94739,40.76373,commercial
1794,3370,0.53,1960,28,152,0,BX,-73.91392,40.89442,residential
1535,2776,0.55,1900,64,39,1,MN,-73.99065,40.74065,residential
3303,10912,0.3,1990,96,53,1,BK,-73.9958,40.6794,commercial
5268,22732,0.23,1990,183,96,0,MN,-73.96863,40.79603,residential
411,10791,0.04,1900,149,33,0,MN,-73.99483,40.74075,residential
909,11265,0.08,1930,60,18,1,MN,-73.93939,40.81293,commercial
3331,29208,0.11,1930,98,114,1,BX,-73.88727,40.86823,residential
4479,30171,0.15,1990,356,35,0,MN,-73.98913,40.7716,residential
670,9379,0.07,1990,189,21,0,MN,-73.95366,40.75831,commercial
519,16159,0.03,1900,87,19,0,MN,-74.005,40.73972,residential
6957,30685,0.23,1930,269,53,0,MN,-73.97294,40.75945,commercial
8317,37569,0.22,1900,31,26,0,BK,-73.96629,40.7151,commercial
25420,63467,0.4,1990,35,14,1,MN,-73.92309,40.79931,industrial
2732,34643,0.08,1990,213,22,0,MN,-73.97693,40.745,public
5869,20925,0.28,1930,181,9,0,MN,-73.97654,40.72602,commercial
932,11086,0.08,1930,20,14,0,MN,-73.95111,40.75948,residential
6410,23147,0.28,1930,18,9,0,MN,-73.97673,40.7258,residential
486,1612,0.3,1900,53,65,0,MN,-73.96567,40.77258,residential
1914,11733,0.16,1900,55,109,1,BX,-73.89905,40.85522,residential
1374,18241,0.08,1900,101,35,0,MN,-73.99456,40.7414,residential
788,1413,0.56,1900,23,70,0,BK,-73.99561,40.69392,commercial
425,1044,0.41,1850,31,23,0,MN,-73.99785,40.73253,residential
7073,15968,0.44,1990,161,84,0,MN,-73.96568,40.79494,residential
1019,13084,0.08,1930,24,13,1,SI,-74.07463,40.63678,residential
1589,22597,0.07,1990,113,40,0,MN,-73.98978,40.76676,commercial
1854,26198,0.07,1990,249,40,0,MN,-73.97365,40.75062,commercial
135,1779,0.08,1900,49,26,0,MN,-73.99899,40.72966,commercial
612,1669,0.37,1900,62,7,0,MN,-73.97615,40.71279,residential
244,5946,0.04,1900,86,42,0,MN,-73.99419,40.7259,public
975,27743,0.04,1930,355,28,0,MN,-73.96303,40.75462,industrial
202,1626,0.12,1900,44,18,0,MN,-74.00572,40.73024,residential
1886,24267,0.08,1900,299,9,1,MN,-74.01086,40.70604,residential
1380,6938,0.2,1990,83,87,0,BX,-73.92575,40.83384,commercial
3798,66508,0.06,1990,328,10,0,MN,-74.00349,40.75177,residential
788,52632,0.01,1990,1408,5,0,MN,-74.0128,40.71256,commercial
4603,23032,0.2,1990,53,5,0,MN,-74.01389,40.71042,commercial
4321,23767,0.18,1990,384,24,0,MN,-73.95931,40.75985,commercial
9109,48599,0.19,1990,467,4,0,QN,-73.94298,40.74852,commercial
1329,4169,0.32,1990,72,80,0,BX,-73.89147,40.84769,industrial
2412,33425,0.07,1930,89,8,0,BK,-73.95152,40.71706,residential
564,2361,0.24,1900,41,30,0,MN,-73.98755,40.71872,industrial
779,1031,0.76,1900,31,157,1,BK,-73.97712,40.66538,commercial
853,10128,0.08,1900,101,73,0,MN,-73.95336,40.81554,residential
1232,1670,0.74,1990,58,25,0,BX,-73.91903,40.85364,residential
98,1414,0.07,1990,41,92,1,BK,-73.99237,40.66047,residential
2748,5647,0.49,1900,89,27,0,MN,-73.99771,40.71966,residential
9743,12154,0.8,1930,20,8,1,BK,-74.01111,40.67389,commercial
1062,10531,0.1,1930,77,6,0,MN,-74.00649,40.74748,industrial
272,1407,0.19,1990,59,24,0,BX,-73.91896,40.85369,industrial
1201,4302,0.28,1900,48,64,0,BK,-73.93694,40.69895,residential
6688,16322,0.41,1990,284,13,1,MN,-74.01615,40.71665,industrial
4805,30457,0.16,1990,93,104,0,BX,-73.92,40.84155,residential
6043,9654,0.63,1990,69,14,0,MN,-73.93766,40.79884,residential
810,15668,0.05,1990,146,13,0,MN,-73.97527,40.74387,residential
230,1709,0.13,1990,59,24,0,BX,-73.91895,40.85377,residential
1415,2389,0.59,1990,71,28,0,BX,-73.91884,40.85386,residential
1742,8567,0.2,1900,173,83,0,MN,-73.96263,40.77804,residential
1600,2343,0.68,1990,51,32,0,BX,-73.91868,40.85401,residential
578,5771,0.1,1990,146,8,1,MN,-73.94113,40.78862,residential
4848,145737,0.03,1990,714,84,0,MN,-73.9833,40.76811,residential
4622,57327,0.08,1930,38,12,1,BK,-73.95969,40.73428,commercial
224,592,0.38,1800,18,64,1,BK,-73.99399,40.69982,industrial
545,62952,0.01,1930,245,11,0,MN,-74.00637,40.72364,residential
778,2493,0.31,1900,67,32,0,MN,-74.00785,40.71435,industrial
1482,6076,0.24,1990,107,72,1,BX,-73.90496,40.85351,commercial
303,7777,0.04,1990,217,43,0,MN,-73.97904,40.74639,residential
2035,4886,0.42,1990,47,1,1,SI,-74.0724,40.62993,commercial
320,1467,0.22,1990,46,46,1,BK,-73.92721,40.70239,commercial
1601,2214,0.72,1990,57,26,0,BX,-73.91911,40.85357,residential
691,10520,0.07,1900,60,156,0,BX,-73.89956,40.86924,residential
1198,10996,0.11,1990,103,109,0,BX,-73.91953,40.84215,residential
5171,81471,0.06,1930,442,36,0,MN,-73.98658,40.74159,residential
1419,6959,0.2,1990,147,12,0,QN,-73.93974,40.75182,commercial
3511,19139,0.18,1990,51,21,0,BX,-73.90778,40.87985,industrial
4420,46819,0.09,1960,35,7,0,BX,-73.92119,40.85395,residential
60,2103,0.03,1900,100,28,0,MN,-73.99037,40.71326,public
2810,8384,0.34,1990,73,45,1,BX,-73.8945,40.85736,residential
8855,44246,0.2,1960,297,81,0,BK,-73.99243,40.6977,residential
8406,29285,0.29,1930,70,62,0,QN,-73.8357,40.72077,residential
3950,20300,0.19,1900,19,8,0,MN,-74.00349,40.70478,residential
4222,39532,0.11,1960,130,85,0,BK,-73.99183,40.69627,commercial
862,3227,0.27,1930,42,16,0,MN,-74.00668,40.73775,residential
538,1652,0.33,1900,46,29,0,MN,-73.98171,40.74455,residential
905,6530,0.14,1990,36,41,0,MN,-73.99419,40.72695,commercial
437,2910,0.15,1930,54,116,0,BX,-73.89713,40.85705,industrial
8324,163605,0.05,1930,103,56,0,QN,-73.82459,40.74697,residential
23421,108557,0.22,1990,194,9,0,QN,-73.83522,40.75695,residential
1396,1882,0.74,1990,51,32,0,BX,-73.91876,40.85393,commercial
674,3306,0.2,1900,41,31,0,MN,-73.98742,40.71872,residential
367,945,0.39,1900,42,14,0,MN,-73.97985,40.73642,commercial
4233,20574,0.21,1900,134,33,1,MN,-73.99455,40.74097,residential
1039,65516,0.02,1930,71,10,0,MN,-73.97333,40.73641,commercial
9737,69806,0.14,1990,740,9,1,MN,-74.01452,40.71437,residential
254,5605,0.05,1900,86,42,0,MN,-73.99069,40.73788,residential
3137,48764,0.06,1900,132,139,1,MN,-73.96115,40.80916,industrial
121,717,0.17,1930,37,18,1,BK,-74.00354,40.68239,residential
1496,23565,0.06,1990,405,68,0,MN,-73.98399,40.76431,residential
1404,14830,0.09,1960,64,26,0,MN,-74.00492,40.73446,commercial
2521,43011,0.06,1960,97,22,0,BX,-73.84386,40.84787,commercial
4197,33126,0.13,1930,52,56,1,BX,-73.87043,40.84715,commercial
303,11144,0.03,1900,154,68,0,MN,-73.96093,40.77465,public
6729,19785,0.34,1990,185,35,0,BK,-73.95828,40.71857,residential
676,7845,0.09,1900,171,13,0,MN,-74.01018,40.70476,residential
2534,23539,0.11,1990,122,16,0,MN,-73.93456,40.80262,commercial
6555,87895,0.07,1930,103,17,0,QN,-73.85142,40.74705,commercial
449,8079,0.06,1900,75,14,0,MN,-74.00785,40.72974,public
295,5554,0.05,1990,39,32,0,QN,-73.87691,40.73853,industrial
231,986,0.23,1990,56,17,0,MN,-73.94065,40.80099,residential
1313,2538,0.52,1900,47,27,0,BX,-73.89573,40.82022,residential
277317,692314,0.4,1960,175,15,1,MN,-74.00239,40.75795,residential
2112,18066,0.12,1990,93,31,0,BX,-73.89717,40.82159,industrial
1134,14285,0.08,1900,255,38,0,MN,-73.9927,40.73777,residential
405,678,0.6,1850,54,27,0,MN,-74.00331,40.73599,commercial
1491,26728,0.06,1900,167,21,0,MN,-73.99587,40.76367,residential
3185,12189,0.26,1930,60,93,1,BK,-73.95644,40.67735,industrial
7992,85500,0.09,1930,1238,50,1,MN,-73.98571,40.74847,industrial
421,4834,0.09,1900,151,38,0,MN,-73.99208,40.74126,commercial
45,1121,0.04,1990,46,26,1,BK,-73.94966,40.71087,commercial
2367,9397,0.25,1990,218,35,0,MN,-73.989,40.71917,residential
573,808,0.71,1850,40,51,0,BK,-73.9517,40.68477,commercial
3654,8587,0.43,1930,16,19,1,MN,-74.00005,40.73087,residential
6325,9955,0.64,1960,16,10,0,BK,-73.99775,40.67368,residential
764,23141,0.03,1960,301,78,0,MN,-73.98141,40.77552,industrial
5942,94054,0.06,1990,50,14,0,MN,-73.99309,40.7715,residential
3945,14421,0.27,1990,142,7,0,MN,-74.01344,40.71004,commercial
2206,17407,0.13,1990,89,23,0,MN,-73.95136,40.76881,commercial
925,3168,0.29,1990,85,35,0,MN,-73.99376,40.76241,residential
2674,6740,0.4,1990,29,8,0,BX,-73.90773,40.88074,residential
190,4375,0.04,1850,75,64,0,MN,-73.96506,40.7738,residential
5060,59643,0.08,1990,126,7,0,BK,-73.9956,40.57383,residential
2496,16847,0.15,1900,98,61,0,BK,-73.96466,40.65354,residential
320,1903,0.17,1960,47,120,0,BK,-73.9755,40.66976,residential
1123,9029,0.12,1990,24,65,0,BX,-73.90907,40.8497,residential
246,8939,0.03,1990,135,30,0,MN,-73.99606,40.74088,residential
1054,6994,0.15,1900,34,42,1,BK,-73.97778,40.686,commercial
966,20452,0.05,1930,48,24,1,BX,-73.91385,40.81154,commercial
185,23432,0.01,1900,180,12,0,MN,-74.00548,40.72917,public
1961,14925,0.13,1990,363,86,0,MN,-73.97041,40.79703,industrial
630,10848,0.06,1960,382,16,0,MN,-73.95007,40.76809,residential
1736,19852,0.09,1990,450,33,0,MN,-73.99239,40.74406,residential
422,33931,0.01,1960,289,88,0,MN,-73.95592,40.78017,commercial
1109,5961,0.19,1990,49,88,0,BK,-73.9895,40.66506,commercial
195,2260,0.09,1900,76,49,0,MN,-73.97098,40.76573,commercial
176,1481,0.12,1850,35,91,0,BK,-73.99247,40.66049,residential
5395,37114,0.15,1990,73,24,0,BX,-73.84694,40.83501,residential
3102,76799,0.04,1900,178,10,0,MN,-74.00847,40.73639,industrial
424,2559,0.17,1900,40,9,0,QN,-73.95161,40.74546,commercial
1384,16210,0.09,1900,138,55,0,MN,-73.94995,40.78614,industrial
6197,26427,0.23,1930,67,71,0,QN,-73.83539,40.71979,residential
316,20546,0.02,1900,316,26,0,MN,-73.99865,40.74092,residential
8144,52983,0.15,1960,700,44,1,MN,-73.98612,40.75782,commercial
1009,8154,0.12,1900,151,40,0,MN,-73.99125,40.72912,commercial
183,4307,0.04,1900,104,31,0,MN,-73.99602,40.74983,industrial
606,37731,0.02,1930,138,65,0,MN,-73.9718,40.74837,residential
240,21553,0.01,1960,185,46,0,MN,-73.96734,40.75953,residential
214,24772,0.01,1960,332,37,0,MN,-73.95478,40.76596,commercial
5815,26256,0.22,1990,87,20,0,BK,-73.94318,40.70264,residential
1549,15491,0.1,1990,87,37,0,MN,-73.99693,40.71745,residential
610,133204,0.0,1930,320,43,0,MN,-73.98971,40.75079,commercial
1009,22231,0.05,1990,212,26,0,MN,-73.94458,40.77611,commercial
2601,26020,0.1,1990,320,11,0,MN,-74.00535,40.72354,residential
27247,41670,0.65,1900,87,27,1,QN,-73.92535,40.75194,industrial
662,6098,0.11,1900,92,12,0,MN,-74.00919,40.73496,industrial
1668,16459,0.1,1960,58,28,0,MN,-73.99994,40.73247,commercial
216,1053,0.21,1900,39,67,0,BK,-73.97175,40.69103,residential
304,1894,0.16,1900,89,67,0,MN,-73.96273,40.7759,residential
7457,18317,0.41,1930,342,35,0,MN,-73.97444,40.75028,commercial
255,860,0.3,1850,40,17,0,MN,-74.00131,40.73258,commercial
1367,9617,0.14,1990,214,59,0,MN,-73.95083,40.78641,residential
1646,24110,0.07,1990,73,11,0,MN,-73.9444,40.7893,commercial
858,1979,0.43,1900,16,13,0,MN,-74.00804,40.7367,residential
305,40514,0.01,1900,220,39,0,MN,-73.99451,40.72839,commercial
744,15645,0.05,1900,284,53,0,MN,-73.96625,40.76435,commercial
3433,12881,0.27,1990,132,-4,1,MN,-73.99815,40.72998,commercial
444,6048,0.07,1900,74,17,1,MN,-73.94077,40.79947,residential
804,17831,0.05,1990,80,8,0,MN,-74.00573,40.74603,residential
5365,7298,0.74,1990,26,12,0,BX,-73.84392,40.81786,commercial
540,5127,0.11,1990,267,42,0,MN,-73.99518,40.75217,industrial
1680,4885,0.34,1900,79,33,0,MN,-73.94393,40.80164,commercial
1181,59798,0.02,1900,85,10,0,BK,-73.96408,40.71844,residential
1740,12389,0.14,1960,160,49,0,BX,-73.92442,40.84703,residential
499,16188,0.03,1930,142,6,0,BK,-73.99569,40.70221,residential
955,4905,0.19,1990,14,38,0,MN,-73.99589,40.72127,industrial
867,16597,0.05,1960,80,13,1,MN,-74.00226,40.74837,commercial
9622,57561,0.17,1930,8,30,0,MN,-73.99726,40.72831,residential
4960,17186,0.29,1990,155,28,0,MN,-73.98933,40.77251,commercial
942,8587,0.11,1900,113,28,0,MN,-73.99902,40.72245,commercial
41,734,0.06,1900,49,37,0,MN,-73.99015,40.7244,industrial
699,22095,0.03,1990,605,40,1,MN,-73.9903,40.74864,commercial
241,1614,0.15,1900,21,46,0,QN,-73.92843,40.75582,commercial
2412,12322,0.2,1990,54,21,0,BK,-73.91079,40.656,industrial
52131,174248,0.3,1930,201,25,1,MN,-74.00012,40.75131,residential
1960,13655,0.14,1930,127,71,1,MN,-73.97765,40.75852,industrial
636,12822,0.05,1930,210,70,0,MN,-73.9619,40.77583,commercial
3974,10204,0.39,1990,64,72,1,BX,-73.90082,40.82249,commercial
290,3074,0.09,1930,29,6,0,BK,-73.98237,40.57849,residential
1398,23806,0.06,1930,295,79,0,MN,-73.98137,40.76737,residential
734,17920,0.04,1900,336,76,0,MN,-73.97954,40.75149,commercial
3417,43385,0.08,1930,49,43,0,BK,-74.03295,40.60918,commercial
9409,28805,0.33,1960,83,16,0,MN,-74.01639,40.71081,residential
3630,3721,0.98,1930,15,38,0,BK,-74.03206,40.60893,residential
5178,35650,0.15,1960,299,16,0,MN,-74.01662,40.71046,residential
1365,2856,0.48,1930,62,39,0,BK,-73.95361,40.64716,residential
247,2562,0.1,1850,90,15,0,MN,-74.00082,40.71939,residential
363,24043,0.02,1960,319,39,0,MN,-73.97128,40.75372,industrial
1632,129,12.56,1990,8,41,1,QN,-73.93737,40.75018,commercial
123,2836,0.04,1900,91,6,0,MN,-74.00336,40.72309,industrial
2091,13588,0.15,1930,129,69,1,MN,-73.97787,40.75821,industrial
1929,36956,0.05,1900,331,41,0,MN,-73.99022,40.75277,commercial
2642,71875,0.04,1960,179,141,0,MN,-73.95991,40.80734,industrial
32252,64956,0.5,1990,299,85,0,MN,-73.96655,40.79472,residential
78,1507,0.05,1990,43,9,0,MN,-74.0043,40.74795,residential
262,14039,0.02,1930,228,66,0,MN,-73.9659,40.77307,commercial
195,2495,0.08,1900,88,77,0,MN,-73.96367,40.77667,residential
1368,57157,0.02,1900,281,121,0,QN,-73.82722,40.71189,residential
226,6611,0.03,1900,183,55,0,MN,-73.96469,40.77336,commercial
280,522,0.54,1900,49,38,0,MN,-73.99021,40.72434,commercial
8915,162276,0.05,1990,79,13,0,QN,-73.83997,40.77192,commercial
6688,20021,0.33,1960,491,64,0,MN,-73.97882,40.76123,industrial
220,1696,0.13,1990,75,11,0,MN,-74.00117,40.70889,commercial
360,585,0.62,1990,40,46,0,BK,-73.9612,40.71431,commercial
726,13756,0.05,1900,168,102,1,MN,-73.97136,40.79232,residential
5484,71917,0.08,1960,92,74,1,MN,-73.98408,40.77341,commercial
161,940,0.17,1850,39,23,0,MN,-74.00344,40.73476,commercial
1160,20275,0.06,1930,149,12,0,QN,-73.94425,40.74455,residential
1957,9725,0.2,1990,77,64,0,BX,-73.89254,40.82481,industrial
9518,157733,0.06,1960,296,49,0,BK,-74.0245,40.63926,residential
3103,45605,0.07,1990,328,9,0,MN,-73.99124,40.77394,residential
888,16739,0.05,1960,104,65,0,QN,-73.79145,40.70907,residential
520,4375,0.12,1900,70,37,0,MN,-73.99608,40.72051,residential
369,9354,0.04,1930,142,51,0,BK,-73.97394,40.64907,commercial
163,3800,0.04,1930,25,10,0,BK,-73.9867,40.67791,residential
390,2455,0.16,1900,76,13,0,MN,-74.00919,40.72189,industrial
12892,76300,0.17,1960,273,43,1,MN,-73.98913,40.73458,commercial
5808,26433,0.22,1990,198,60,0,MN,-73.95049,40.78705,commercial
7636,47484,0.16,1990,122,84,0,SI,-74.07732,40.64069,commercial
832,4343,0.19,1900,93,19,0,MN,-74.00057,40.72403,commercial
5639,17873,0.32,1900,40,52,1,BX,-73.87856,40.85475,industrial
667,9451,0.07,1990,70,22,0,BK,-73.95686,40.72025,public
1127,23742,0.05,1990,188,8,0,MN,-74.00916,40.73711,industrial
633,4251,0.15,1990,50,141,1,BK,-73.98007,40.6651,commercial
4063,47340,0.09,1990,259,44,0,MN,-73.99051,40.73406,residential
621,3220,0.19,1930,28,6,0,BK,-73.98214,40.5786,commercial
2194,17717,0.12,1900,143,36,0,MN,-73.99186,40.74199,residential
4347,34048,0.13,1960,294,73,0,BK,-73.99219,40.6984,commercial
126,6897,0.02,1990,177,42,1,MN,-73.99174,40.72744,residential
2084,23800,0.09,1990,60,69,1,BK,-73.93511,40.69928,industrial
2441,127092,0.02,1900,191,9,0,BK,-74.00009,40.69312,residential
2467,24653,0.1,1990,300,9,0,MN,-74.01216,40.71663,industrial
263,8061,0.03,1900,94,15,0,MN,-74.0017,40.7251,commercial
307,2010,0.15,1900,29,104,0,BK,-73.9419,40.66703,industrial
2843,8882,0.32,1990,117,14,0,MN,-74.00993,40.71987,residential
1372,17787,0.08,1930,25,25,1,MN,-73.94245,40.82429,commercial
1315,27154,0.05,1960,403,33,0,MN,-73.95236,40.76685,public
1538,9437,0.16,1960,161,44,0,MN,-73.95793,40.76896,residential
80,4862,0.02,1990,120,31,1,BK,-73.98883,40.67101,commercial
930,2821,0.33,1900,55,21,0,MN,-74.0065,40.73414,residential
752,1731,0.43,1900,91,31,0,MN,-73.99823,40.73821,commercial
565,7247,0.08,1930,140,22,0,MN,-73.99893,40.73635,commercial
643,2633,0.24,1900,68,16,0,MN,-73.98114,40.72137,residential
76,1366,0.06,1850,45,22,0,MN,-73.9977,40.73412,residential
1912,14670,0.13,1990,378,10,1,MN,-74.01719,40.70619,residential
4412,35714,0.12,1990,15,15,0,BK,-73.95593,40.73695,residential
407,9573,0.04,1990,164,78,0,MN,-73.98024,40.78117,industrial
2813,34017,0.08,1990,83,11,0,MN,-74.01878,40.70594,commercial
10,950,0.01,1900,55,27,1,MN,-73.99938,40.7374,residential
10549,55894,0.19,1990,319,11,0,QN,-73.95619,40.74564,residential
1026,14762,0.07,1990,282,46,0,MN,-73.94963,40.7856,industrial
1936,12208,0.16,1900,138,42,1,MN,-73.99102,40.74032,residential
651,1096,0.59,1900,25,61,1,BK,-73.95289,40.65977,commercial
384,1342,0.29,1900,60,34,0,MN,-73.95583,40.80485,residential
2411,15877,0.15,1990,49,55,0,BK,-73.97282,40.68183,residential
2407,14062,0.17,1990,57,115,0,BK,-73.93144,40.66989,commercial
1580,13755,0.11,1990,136,13,0,MN,-73.97649,40.7237,residential
2164,6057,0.36,1930,75,81,0,BX,-73.89173,40.84747,residential
502,33307,0.02,1990,68,18,0,BK,-73.96345,40.71823,residential
7004,49623,0.14,1990,72,6,0,BK,-73.95295,40.71723,industrial
13361,62229,0.21,1990,155,9,0,MN,-74.01203,40.71556,industrial
1681,10554,0.16,1990,118,74,0,BX,-73.90555,40.85378,commercial
1209,2568,0.47,1900,39,22,1,BX,-73.92097,40.81132,residential
1458,6008,0.24,1930,148,40,1,MN,-73.98962,40.7591,residential
55,723,0.08,1900,39,49,1,BK,-73.99477,40.67901,commercial
527,12132,0.04,1990,119,28,0,BK,-73.98184,40.67972,residential
160,8083,0.02,1930,136,39,1,MN,-73.98983,40.75914,residential
574,1633,0.35,1900,37,40,0,BK,-73.99762,40.69308,commercial
357,1501,0.24,1900,43,14,0,MN,-74.00676,40.73866,residential
1396,52079,0.03,1930,122,6,0,MN,-74.00825,40.73907,residential
311,5802,0.05,1960,51,66,0,MN,-73.96007,40.76984,commercial
66025,224776,0.29,1990,50,7,1,BK,-74.01159,40.67161,residential
1074,7161,0.15,1990,79,62,1,BX,-73.89422,40.82409,industrial
139,1496,0.09,1990,67,24,1,MN,-73.98446,40.71879,residential
889,5673,0.16,1900,105,73,0,MN,-73.98211,40.77952,residential
404,22476,0.02,1960,188,24,0,MN,-73.99786,40.73627,commercial
4458,26623,0.17,1930,67,23,0,QN,-73.94117,40.75174,commercial
574,2930,0.2,1960,103,54,0,MN,-73.98149,40.75804,industrial
1071,32592,0.03,1930,25,16,1,BK,-73.90272,40.65601,commercial
271,4259,0.06,1900,91,13,0,MN,-74.00791,40.71961,public
1125,2276,0.49,1930,16,21,0,MN,-73.98329,40.72305,commercial
2539,16479,0.15,1990,217,78,0,MN,-73.9811,40.76972,residential
4483,24645,0.18,1990,506,80,0,MN,-73.98177,40.77015,commercial
109,1166,0.09,1850,44,28,0,MN,-74.00378,40.73537,commercial
235,1370,0.17,1900,55,139,0,BK,-73.9724,40.67072,residential
270,2715,0.1,1900,69,43,0,MN,-73.95589,40.77255,residential
1852,11773,0.16,1990,143,40,0,BK,-73.98741,40.68915,commercial
1675,30625,0.05,1990,96,42,0,MN,-73.99192,40.72429,commercial
1179,2914,0.4,1900,85,71,0,MN,-73.96282,40.77585,residential
1519,7406,0.21,1900,79,12,0,MN,-74.00222,40.72316,commercial
1902,8054,0.24,1900,124,32,0,MN,-73.99589,40.74489,industrial
365,5636,0.06,1900,31,10,0,BK,-73.98689,40.68188,residential
3071,28794,0.11,1990,340,25,0,MN,-73.98939,40.77562,industrial
743,6622,0.11,1990,66,132,0,BX,-73.92047,40.84742,residential
12907,104089,0.12,1990,185,22,0,QN,-73.83515,40.75746,residential
1650,25382,0.07,1960,370,52,0,MN,-73.98302,40.75801,commercial
267,1224,0.22,1900,60,76,0,MN,-73.9797,40.77851,commercial
1481,9729,0.15,1990,248,6,0,MN,-74.00755,40.74623,residential
1295,7458,0.17,1900,81,27,0,MN,-74.008,40.71522,commercial
424,5686,0.07,1900,80,15,1,MN,-74.00913,40.71809,commercial
776,12035,0.06,1900,227,49,0,MN,-73.98878,40.75462,commercial
392,4874,0.08,1900,74,12,0,MN,-74.00735,40.72215,industrial
2910,7036,0.41,1960,96,58,1,BK,-73.96427,40.69137,commercial
2290,10512,0.22,1900,17,134,0,MN,-73.96298,40.80977,residential
160,1588,0.1,1990,18,34,0,BK,-73.99038,40.68849,residential
6713,10654,0.63,1960,19,16,1,QN,-73.94495,40.75218,residential
2785,4116,0.68,1930,52,69,1,BX,-73.89513,40.83194,industrial
159,19697,0.01,1900,83,35,0,MN,-73.99382,40.74075,residential
16067,32603,0.49,1960,115,165,0,BX,-73.90883,40.89635,commercial
6672,78619,0.08,1990,393,6,0,QN,-73.95598,40.7478,residential
2694,7355,0.37,1990,58,102,0,BX,-73.9041,40.87091,industrial
178,1651,0.11,1850,55,80,0,BK,-73.99612,40.69751,residential
1430,4580,0.31,1930,11,70,0,BK,-73.9346,40.67645,nan
826,5084,0.16,1930,14,111,0,BK,-73.96479,40.67741,residential
3893,26073,0.15,1990,353,40,1,MN,-73.98979,40.75867,residential
193,1012,0.19,1900,36,21,0,MN,-74.00115,40.73462,residential
216,1634,0.13,1990,40,39,1,BK,-73.99739,40.68448,commercial
662,2202,0.3,1850,63,60,0,MN,-73.95767,40.77514,residential
5832,26766,0.22,1990,90,21,1,QN,-73.94717,40.75105,residential
2575,5853,0.44,1900,17,14,0,QN,-73.80766,40.66092,residential
249,11516,0.02,1900,98,137,0,MN,-73.96146,40.80661,industrial
615,19212,0.03,1900,251,17,0,MN,-74.00505,40.7273,industrial
1016,31241,0.03,1930,41,32,1,BK,-73.99146,40.68005,residential
34,738,0.05,1990,57,15,1,BK,-73.95397,40.71424,industrial
487,5464,0.09,1990,51,44,0,BX,-73.89267,40.83147,residential
1426,14642,0.1,1960,422,59,0,MN,-73.96581,40.76221,residential
606,31661,0.02,1900,597,36,0,MN,-73.98936,40.75634,residential
13282,87601,0.15,1960,117,14,0,QN,-73.82138,40.58584,commercial
242,11049,0.02,1900,157,39,1,MN,-74.00651,40.71163,commercial
261,1435,0.18,1900,49,136,0,BK,-73.97368,40.66961,residential
1286,28866,0.04,1960,446,75,0,MN,-73.98267,40.76588,commercial
358,2020,0.18,1930,67,71,0,MN,-73.96587,40.77175,residential
14651,34539,0.42,1990,191,85,0,MN,-73.96601,40.7943,commercial
811,6426,0.13,1990,65,94,0,MN,-73.9626,40.79601,commercial
10032,112685,0.09,1960,35,12,1,BX,-73.88361,40.824,residential
15430,32302,0.48,1990,35,16,1,BK,-73.96064,40.72192,residential
49895,83074,0.6,1990,129,12,1,MN,-74.01023,40.72684,industrial
1142,27699,0.04,1990,263,8,0,QN,-73.9568,40.74715,industrial
377,6453,0.06,1930,131,27,0,QN,-73.94027,40.75197,industrial
1383,27751,0.05,1930,206,26,0,MN,-73.99726,40.73181,industrial
2555,22728,0.11,1900,146,43,0,MN,-73.99524,40.7248,industrial
686,7546,0.09,1930,108,10,0,MN,-74.01024,40.72271,residential
3025,3646,0.83,1930,20,33,0,BK,-73.958,40.71867,commercial
670,11096,0.06,1900,157,31,0,MN,-74.00505,40.71669,commercial
692,9616,0.07,1990,144,23,0,MN,-74.0024,40.73911,residential
1277,11563,0.11,1990,90,9,0,MN,-73.98197,40.73043,commercial
133,1121,0.12,1850,39,25,0,MN,-73.9971,40.73477,commercial
719,18421,0.04,1930,76,19,1,QN,-73.94397,40.75094,commercial
386,4151,0.09,1900,73,21,1,MN,-74.00675,40.73455,residential
1864,36070,0.05,1960,214,28,0,MN,-73.96019,40.81667,industrial
966,2438,0.4,1990,68,4,0,MN,-73.9383,40.80207,residential
27,1371,0.02,1900,69,68,1,MN,-73.97859,40.749,residential
395,2552,0.15,1900,65,65,0,MN,-73.98613,40.76573,residential
266,1449,0.18,1900,33,51,0,BK,-73.97315,40.64457,residential
489,6389,0.08,1960,378,10,0,MN,-73.94986,40.76804,residential
1491,3404,0.44,1900,85,14,1,MN,-74.00847,40.71828,residential
2747,21703,0.13,1900,223,10,0,MN,-74.00741,40.72474,residential
554,20184,0.03,1990,627,8,0,BK,-73.98587,40.69161,commercial
543,3542,0.15,1990,51,50,0,BK,-73.99172,40.70064,industrial
2189,19801,0.11,1960,318,139,0,MN,-73.94306,40.84478,commercial
974,7258,0.13,1900,30,45,0,MN,-73.99572,40.75278,residential
12724,39351,0.32,1960,192,15,1,MN,-74.01088,40.71437,residential
946,20292,0.05,1900,48,147,0,BX,-73.92539,40.8412,commercial
3998,23096,0.17,1990,355,12,1,MN,-74.016,40.71569,commercial
854,18755,0.05,1930,36,165,1,BK,-74.00211,40.64692,residential
5096,18658,0.27,1990,256,18,1,MN,-74.01504,40.7168,residential
1377,14706,0.09,1900,77,53,0,MN,-73.95779,40.76703,public
959,1862,0.51,1930,59,21,0,BX,-73.91467,40.82391,residential
11895,100651,0.12,1930,46,18,1,QN,-73.94453,40.75095,residential
767,26061,0.03,1990,147,28,0,MN,-73.99692,40.7418,commercial
2623,17538,0.15,1900,86,16,0,MN,-74.00483,40.7401,industrial
786,11517,0.07,1960,58,18,0,MN,-73.98244,40.72374,commercial
574,721,0.8,1900,17,8,0,BK,-73.86704,40.66269,commercial
6141,58522,0.1,1960,291,29,0,MN,-73.98009,40.74458,residential
181,944,0.19,1900,50,22,0,MN,-73.99771,40.73381,residential
7239,12510,0.58,1930,25,64,1,BX,-73.89054,40.81822,residential
1645,7745,0.21,1900,74,7,0,MN,-74.00733,40.74151,residential
28669,94646,0.3,1990,216,51,0,MN,-73.98944,40.77076,industrial
1659,38129,0.04,1990,425,23,0,MN,-73.94763,40.78512,industrial
5037,25084,0.2,1930,53,80,0,BK,-74.03327,40.62456,commercial
235,3925,0.06,1990,138,9,0,MN,-74.01012,40.72161,residential
122,6721,0.02,1900,82,9,0,MN,-74.0054,40.75005,residential
298,7962,0.04,1900,60,132,0,BX,-73.91987,40.84772,commercial
6283,43037,0.15,1900,83,71,0,BX,-73.91233,40.83191,industrial
406,27718,0.01,1960,67,6,0,BK,-73.98996,40.57222,residential
1610,2086,0.77,1900,61,122,0,MN,-73.96531,40.80677,residential
80,3588,0.02,1900,89,28,0,MN,-73.9962,40.73487,residential
135,1526,0.09,1990,59,74,0,MN,-73.97662,40.78481,residential
700,7220,0.1,1900,153,22,0,MN,-73.99995,40.72125,residential
1183,18742,0.06,1990,248,73,0,MN,-73.98044,40.78127,commercial
154,851,0.18,1990,40,31,0,BK,-73.87404,40.67619,industrial
28,629,0.05,1900,41,34,1,MN,-73.98845,40.72358,commercial
788,60505,0.01,1930,480,69,0,MN,-73.97693,40.76028,residential
206,919,0.22,1900,46,87,0,MN,-73.95188,40.78558,residential
5126,85062,0.06,1990,887,60,1,MN,-73.98505,40.75573,commercial
3128,32345,0.1,1930,183,29,1,MN,-73.99549,40.73232,residential
135,1707,0.08,1990,59,75,0,MN,-73.97658,40.78476,commercial
333,725,0.46,1850,50,26,0,MN,-74.00356,40.73672,residential
570,7784,0.07,1960,153,14,0,MN,-74.0044,40.74083,commercial
4487,42864,0.1,1990,350,8,0,QN,-73.9591,40.74323,commercial
1565,8133,0.19,1900,78,85,0,BX,-73.91208,40.83233,residential
8020,79527,0.1,1960,35,12,0,BK,-73.93676,40.57773,commercial
223,1370,0.16,1990,56,32,0,BK,-73.94055,40.71416,residential
484,8514,0.06,1990,75,8,0,MN,-74.00735,40.74673,residential
1177,9176,0.13,1990,140,42,0,MN,-73.99313,40.72639,residential
847,1702,0.5,1930,60,20,0,BX,-73.9146,40.82388,residential
618,10322,0.06,1990,26,13,0,MN,-74.00733,40.74066,industrial
1091,1886,0.58,1900,59,44,1,BX,-73.89658,40.85521,industrial
980,11857,0.08,1990,303,52,0,MN,-73.98443,40.76018,commercial
12761,21272,0.6,1900,86,97,1,MN,-73.95882,40.77955,industrial
1930,13288,0.15,1930,431,62,0,MN,-73.97472,40.75965,commercial
4463,10358,0.43,1900,151,68,0,MN,-73.97786,40.78739,commercial
1942,36452,0.05,1990,78,38,0,QN,-73.9251,40.75609,residential
773,46783,0.02,1930,272,60,0,MN,-73.98025,40.7589,commercial
124,1355,0.09,1900,69,8,0,MN,-74.0028,40.74694,commercial
1320,17176,0.08,1900,44,61,0,BX,-73.90306,40.81917,industrial
201,1172,0.17,1850,44,117,0,BK,-73.96851,40.67635,commercial
4853,8049,0.6,1900,80,118,0,MN,-73.96602,40.80581,residential
807,6485,0.12,1900,150,41,0,MN,-73.9942,40.72773,residential
148,17285,0.01,1850,91,34,0,MN,-73.99501,40.73805,residential
71,781,0.09,1850,36,109,1,BK,-73.98532,40.66546,residential
4829,15442,0.31,1990,169,89,0,MN,-73.96649,40.79382,industrial
1480,17896,0.08,1900,224,27,0,MN,-73.99602,40.73312,commercial
328,4954,0.07,1990,229,36,0,MN,-73.99324,40.75428,residential
8971,140402,0.06,1930,60,2,1,SI,-74.07381,40.64427,residential
6280,37743,0.17,1990,301,9,0,QN,-73.95816,40.74385,residential
11006,100293,0.11,1960,28,7,0,MN,-73.97324,40.73741,commercial
5209,18377,0.28,1990,355,12,1,MN,-74.01482,40.71592,industrial
1299,35050,0.04,1930,306,17,0,MN,-73.99695,40.76226,industrial
770,2064,0.37,1900,63,77,0,MN,-73.96425,40.76937,commercial
1302,20492,0.06,1960,239,7,0,QN,-73.75148,40.59423,residential
1336,32520,0.04,1990,595,103,0,BK,-73.98506,40.69158,commercial
191,716,0.27,1850,36,29,0,MN,-74.00333,40.73594,residential
925,16156,0.06,1990,230,15,0,MN,-73.97939,40.73691,residential
721,10629,0.07,1990,114,7,0,MN,-74.0035,40.72164,commercial
3637,139709,0.03,1960,258,56,0,BK,-74.02255,40.63814,residential
7864,30244,0.26,1990,208,37,0,MN,-73.9935,40.73544,commercial
5957,47591,0.13,1960,239,7,0,QN,-73.7522,40.59428,industrial
4853,35647,0.14,1930,476,71,0,MN,-73.97917,40.75124,residential
292,5871,0.05,1900,122,80,0,MN,-73.9801,40.77445,commercial
1456,12207,0.12,1960,239,7,0,QN,-73.7521,40.59391,residential
6402,11684,0.55,1930,50,167,1,BX,-73.90539,40.88926,commercial
174,1688,0.1,1930,58,60,0,MN,-73.96359,40.77334,residential
231,7714,0.03,1990,143,24,0,MN,-73.99546,40.74255,residential
10113,28015,0.36,1990,226,8,1,MN,-74.0111,40.71377,residential
914,21675,0.04,1960,241,7,0,QN,-73.75292,40.59421,residential
79,550,0.14,1900,35,60,1,QN,-73.91665,40.74748,commercial
2569,29251,0.09,1960,548,63,1,MN,-73.98394,40.75607,commercial
2960,8272,0.36,1960,151,37,1,MN,-73.98716,40.73285,residential
501,17912,0.03,1990,60,82,0,BX,-73.92801,40.83798,residential
773,22348,0.03,1930,30,42,0,BK,-73.95362,40.69056,commercial
3389,58969,0.06,1930,219,63,0,MN,-73.97956,40.75826,commercial
475,885,0.54,1850,43,77,0,BK,-73.97545,40.67718,residential
3321,155406,0.02,1960,646,12,0,MN,-74.01587,40.71269,residential
4440,6399,0.69,1930,25,61,0,MN,-73.97211,40.79544,commercial
2560,9830,0.26,1990,129,17,0,MN,-73.98178,40.7204,residential
2176,50858,0.04,1990,47,21,0,QN,-73.86328,40.73269,residential
2787,23980,0.12,1930,52,49,1,QN,-73.76503,40.70322,commercial
87,1103,0.08,1900,57,26,1,MN,-73.94858,40.8067,residential
2497,56374,0.04,1960,626,60,1,MN,-73.98516,40.75482,commercial
1549,6004,0.26,1930,82,68,0,MN,-73.97856,40.75805,residential
1175,13474,0.09,1990,145,107,0,MN,-73.96588,40.80419,residential
3828,46750,0.08,1960,300,46,0,MN,-73.9655,40.75794,commercial
4728,14459,0.33,1990,228,17,1,MN,-74.0155,40.71623,commercial
1205,19638,0.06,1930,82,66,0,MN,-73.96365,40.77465,residential
756,28493,0.03,1990,104,13,0,MN,-74.01728,40.70791,residential
234,558,0.42,1850,44,9,0,MN,-73.97727,40.72563,residential
153,949,0.16,1930,13,31,0,BK,-73.88271,40.67293,commercial
1240,12952,0.1,1990,484,11,0,MN,-74.00697,40.70742,residential
486,2466,0.2,1930,14,123,0,BK,-73.98343,40.66546,residential
287,23959,0.01,1900,95,16,0,QN,-73.9443,40.74924,residential
639,1182,0.54,1900,21,57,1,BK,-73.99617,40.6924,commercial
168,1217,0.14,1930,21,12,1,BK,-73.98857,40.68176,residential
1589,9351,0.17,1930,171,17,0,MN,-73.99994,40.71943,industrial
88,23364,0.0,1900,342,36,0,MN,-73.99408,40.7517,residential
554,6885,0.08,1930,132,56,0,MN,-73.96997,40.7677,residential
546,9996,0.05,1990,245,59,0,MN,-73.95171,40.77717,industrial
457,1751,0.26,1900,40,30,0,MN,-73.98739,40.71865,commercial
5852,115176,0.05,1990,82,27,0,BX,-73.92364,40.82216,residential
41338,65005,0.64,1930,142,12,1,BK,-73.97255,40.6984,commercial
737,16469,0.04,1930,184,33,0,MN,-73.96432,40.75526,commercial
12505,40902,0.31,1990,188,14,0,MN,-74.00926,40.73361,residential
586,1012,0.58,1900,48,95,0,MN,-73.96584,40.80812,industrial
890,2525,0.35,1850,72,109,0,MN,-73.95737,40.78377,residential
2523,46891,0.05,1960,296,10,0,MN,-73.93624,40.79179,commercial
4135,72811,0.06,1960,295,13,0,MN,-73.93756,40.7915,residential
1172,9129,0.13,1990,75,19,0,MN,-73.9373,40.80508,residential
2990,18106,0.17,1960,20,50,0,BK,-73.98809,40.66951,residential
1569,18475,0.08,1990,194,65,0,MN,-73.98768,40.76677,residential
329,35291,0.01,1960,511,75,0,MN,-73.97903,40.75083,commercial
3915,19383,0.2,1960,166,-1,0,MN,-73.99501,40.76155,residential
552,2489,0.22,1930,80,93,0,MN,-73.96048,40.77957,residential
2188,4977,0.44,1930,59,70,0,MN,-73.9658,40.77163,commercial
9075,280739,0.03,1990,79,13,1,QN,-73.84498,40.75786,residential
75,1057,0.07,1850,51,62,0,MN,-73.95988,40.77465,residential
5342,22411,0.24,1990,119,25,1,MN,-73.99681,40.74679,commercial
4774,11568,0.41,1930,51,168,1,BX,-73.88095,40.88708,public
1152,9723,0.12,1990,88,33,0,BK,-73.99013,40.68834,residential
2855,26346,0.11,1990,137,22,0,BK,-73.96811,40.71119,commercial
2199,8094,0.27,1930,65,7,1,BK,-73.97353,40.69837,public
14475,98911,0.15,1930,834,64,1,MN,-73.97996,40.75927,residential
228,5614,0.04,1850,111,29,0,MN,-73.999,40.72112,commercial
651,9462,0.07,1960,223,8,0,MN,-74.01277,40.70294,industrial
3447,10443,0.33,1930,74,33,1,BK,-73.95551,40.69492,commercial
258,2486,0.1,1990,75,54,0,MN,-73.96981,40.76712,industrial
946,7700,0.12,1930,83,29,0,BX,-73.90833,40.8277,commercial
109,847,0.13,1990,40,33,0,BK,-73.87412,40.67618,industrial
9836,56895,0.17,1930,708,61,1,MN,-73.97635,40.75611,residential
2784,4755,0.59,1900,40,15,0,BK,-73.95361,40.72654,industrial
3101,71264,0.04,1990,755,35,0,MN,-73.98978,40.75595,residential
418,941,0.44,1900,33,40,0,QN,-73.93347,40.75316,commercial
144,66989,0.0,1900,389,48,0,MN,-73.97564,40.75268,residential
2489,11307,0.22,1990,119,31,1,BX,-73.9155,40.82228,industrial
364,2050,0.18,1930,28,34,0,BK,-73.99574,40.67773,industrial
5086,48360,0.11,1990,252,36,1,MN,-73.99328,40.755,commercial
557,1855,0.3,1900,62,34,0,MN,-73.98932,40.72547,residential
1527,5385,0.28,1930,64,90,1,BK,-73.95637,40.67751,residential
1283,14728,0.09,1990,275,14,0,MN,-74.01571,40.71739,commercial
418,4491,0.09,1850,144,32,0,MN,-74.00728,40.7141,residential
520,13116,0.04,1990,166,2,0,MN,-74.0047,40.74748,industrial
258,1953,0.13,1900,85,10,0,MN,-74.00281,40.72067,residential
209,9890,0.02,1900,256,58,0,MN,-73.9704,40.74882,commercial
6223,31007,0.2,1990,214,42,1,MN,-73.98997,40.73003,commercial
578,16830,0.03,1990,184,106,0,MN,-73.96633,40.80382,industrial
587,15871,0.04,1900,277,27,0,MN,-74.00426,40.71409,residential
5016,21137,0.24,1960,258,18,0,MN,-73.97999,40.73808,commercial
1492,34106,0.04,1960,49,43,0,BX,-73.87304,40.84182,residential
999,18384,0.05,1990,74,75,0,MN,-73.95385,40.77832,commercial
4780,23929,0.2,1960,283,40,0,MN,-73.972,40.75283,commercial
136,1926,0.07,1900,60,84,0,MN,-73.9756,40.77917,industrial
187,1096,0.17,1800,35,63,1,BK,-73.99392,40.6998,commercial
97,1497,0.06,1900,54,66,0,MN,-73.96605,40.77269,commercial
434,7114,0.06,1930,29,18,0,MN,-73.94728,40.78878,residential
1810,11265,0.16,1990,107,70,1,MN,-73.95413,40.82404,residential
2089,11315,0.18,1990,80,18,1,MN,-73.93732,40.82763,residential
14489,28215,0.51,1960,77,31,1,MN,-73.99438,40.74646,residential
261,18965,0.01,1990,100,42,0,MN,-73.99104,40.72454,residential
14971,29327,0.51,1960,17,8,0,MN,-73.97574,40.72715,residential
731,19871,0.04,1900,138,56,0,BK,-73.98843,40.70045,commercial
864,18022,0.05,1990,152,22,0,BK,-73.98283,40.69726,residential
278,10642,0.03,1990,309,28,0,MN,-73.99464,40.73745,residential
3831,4231,0.91,1960,13,26,0,MN,-73.98404,40.71603,industrial
336,5553,0.06,1990,372,40,0,MN,-73.98419,40.74444,commercial
1375,11109,0.12,1990,56,30,0,BX,-73.84443,40.83901,commercial
164,3051,0.05,1990,71,84,0,BK,-73.98984,40.6655,residential
10351,70910,0.15,1960,35,14,1,QN,-73.95274,40.75167,commercial
789,3502,0.23,1990,44,41,0,BK,-73.94073,40.71351,residential
397,2215,0.18,1930,83,24,1,MN,-74.00934,40.71427,commercial
314,5116,0.06,1900,88,41,0,MN,-73.99296,40.72532,industrial
9907,27162,0.36,1990,393,10,1,MN,-74.017,40.70692,residential
351,833,0.42,1900,49,96,0,MN,-73.95347,40.78336,commercial
235,1311,0.18,1900,64,84,0,MN,-73.97721,40.77783,commercial
737,13346,0.06,1960,351,61,0,MN,-73.96441,40.76005,residential
121,1059,0.11,1850,28,85,0,BK,-73.97132,40.68707,residential
4857,35374,0.14,1990,86,8,0,BK,-73.96361,40.71915,residential
2007,14737,0.14,1930,31,29,0,BX,-73.92306,40.80524,commercial
1045,6661,0.16,1900,113,21,0,MN,-73.99965,40.72626,residential
891,3246,0.27,1990,61,110,0,MN,-73.94422,40.82769,residential
2834,5664,0.5,1900,74,131,0,MN,-73.95969,40.80815,industrial
269,8220,0.03,1900,75,15,0,BK,-73.95208,40.71345,industrial
8440,25180,0.34,1930,48,25,1,MN,-73.99912,40.73546,residential
473,1214,0.39,1900,59,12,0,MN,-74.00809,40.73632,residential
3267,31166,0.1,1960,247,38,0,MN,-73.9705,40.75688,industrial
6039,54940,0.11,1930,511,71,0,MN,-73.97733,40.75899,residential
1019,5038,0.2,1900,53,8,0,MN,-74.00575,40.74724,commercial
931,32605,0.03,1990,253,40,0,MN,-73.99698,40.75679,commercial
3724,28576,0.13,1990,56,15,0,MN,-73.93957,40.79987,commercial
157,6634,0.02,1990,240,16,0,MN,-73.99718,40.76103,industrial
55140,126149,0.44,1990,74,9,1,MN,-73.93698,40.82205,commercial
308,1245,0.25,1930,42,33,0,MN,-73.94342,40.79965,residential
3146,20328,0.15,1990,74,16,0,MN,-74.0028,40.74507,commercial
391,7973,0.05,1960,142,6,0,MN,-74.00355,40.72286,commercial
581,20073,0.03,1930,227,8,0,MN,-74.00611,40.70648,residential
2530,35464,0.07,1960,366,58,0,MN,-73.9885,40.76289,residential
1057,14019,0.08,1930,69,9,0,BK,-73.97758,40.69862,industrial
7120,16666,0.43,1900,127,41,0,MN,-73.98952,40.73855,commercial
2507,57712,0.04,1960,176,14,0,MN,-74.01387,40.7179,commercial
280,7981,0.04,1960,185,32,0,MN,-73.97831,40.74053,industrial
1339,35729,0.04,1960,133,32,0,QN,-73.93289,40.77479,industrial
571,51490,0.01,1900,215,40,0,MN,-73.98999,40.74224,residential
22102,41835,0.53,1960,137,167,0,BX,-73.90921,40.89512,commercial
4266,92654,0.05,1990,38,30,1,MN,-73.99233,40.76789,residential
718,24223,0.03,1930,20,54,1,QN,-73.91566,40.74985,commercial
1019,16035,0.06,1930,37,18,1,QN,-73.86563,40.7317,residential
8823,58958,0.15,1930,191,62,0,BX,-73.92408,40.82633,commercial
1084,2049,0.53,1900,62,76,1,MN,-73.97685,40.7865,industrial
848,6349,0.13,1900,104,10,0,MN,-74.00254,40.72096,residential
719,925,0.78,1990,33,61,0,BX,-73.89362,40.85424,residential
658,11729,0.06,1990,104,25,0,MN,-74.0074,40.71486,residential
1171,27267,0.04,1990,355,13,0,MN,-74.00325,40.7528,industrial
615,12971,0.05,1850,173,10,0,MN,-74.00561,40.72136,residential
266,1253,0.21,1930,42,9,0,MN,-73.93792,40.80187,commercial
5082,71774,0.07,1960,162,14,0,MN,-74.01522,40.71501,commercial
15112,90706,0.17,1960,483,66,0,MN,-73.97989,40.7624,commercial
141,8679,0.02,1900,146,87,0,MN,-73.95416,40.78075,residential
163,4088,0.04,1900,75,14,0,MN,-74.00832,40.71709,residential
6858,23710,0.29,1990,382,25,1,MN,-73.99188,40.77077,commercial
9757,43174,0.23,1990,591,72,0,MN,-73.9837,40.76496,commercial
4288,27431,0.16,1990,446,10,1,MN,-74.01769,40.70575,commercial
1317,10579,0.12,1990,132,35,0,BX,-73.92757,40.82158,commercial
367,10586,0.03,1990,258,30,0,MN,-73.97334,40.7476,commercial
1418,5952,0.24,1930,45,12,0,MN,-74.00792,40.73797,residential
1074,14609,0.07,1960,57,15,0,MN,-74.00896,40.72176,residential
4492,7158,0.63,1990,67,61,0,BX,-73.88953,40.83378,commercial
115,647,0.18,1900,49,63,0,BK,-73.97189,40.69209,commercial
470,862,0.55,1900,35,11,0,BK,-73.9508,40.71737,commercial
380,58449,0.01,1850,150,44,0,MN,-73.99224,40.7238,residential
216,23809,0.01,1930,17,14,0,BK,-73.95628,40.7369,residential
530,2283,0.23,1900,92,18,0,MN,-73.98384,40.72605,industrial
26045,56132,0.46,1930,27,114,0,MN,-73.95048,40.81585,residential
167,1254,0.13,1900,55,107,0,MN,-73.95591,40.78367,industrial
6935,12477,0.56,1960,8,12,1,BX,-73.84048,40.83903,residential
1323,16336,0.08,1960,50,16,0,MN,-74.01114,40.71795,residential
997,17263,0.06,1900,76,18,0,BK,-73.95552,40.7134,residential
873,22751,0.04,1990,213,16,0,MN,-73.94888,40.79634,industrial
308,1464,0.21,1850,52,68,0,BK,-73.99702,40.69493,commercial
327,2558,0.13,1930,38,10,0,BK,-73.95089,40.71737,industrial
2678,14438,0.19,1990,78,16,1,BX,-73.91593,40.81464,commercial
1846,11634,0.16,1990,63,46,1,BX,-73.91117,40.84749,residential
2276,9559,0.24,1990,67,39,1,BX,-73.89943,40.81476,industrial
12332,36217,0.34,1960,142,27,0,MN,-73.97466,40.7429,commercial
722,178941,0.0,1960,76,48,0,QN,-73.79531,40.70178,residential
10755,94358,0.11,1990,145,41,0,BK,-73.98302,40.69134,residential
2400,59259,0.04,1960,376,11,0,MN,-74.01085,40.71967,residential
1797,28514,0.06,1990,34,9,0,MN,-74.00901,40.73974,residential
2649,30002,0.09,1960,53,12,0,MN,-74.0112,40.71817,commercial
2155,10766,0.2,1850,40,65,0,QN,-73.81652,40.70537,commercial
339,4632,0.07,1900,164,65,0,MN,-73.97881,40.75744,industrial
2711,35424,0.08,1960,97,32,1,MN,-73.99394,40.74683,commercial
4803,43540,0.11,1990,217,35,0,MN,-73.99255,40.74227,commercial
193,2182,0.09,1990,80,19,0,MN,-73.93857,40.80761,commercial
1134,2379,0.48,1930,34,20,1,BK,-73.98325,40.67933,commercial
15220,133265,0.11,1960,48,20,1,BX,-73.85659,40.82161,commercial
729,5876,0.12,1990,99,132,0,BX,-73.89933,40.86012,residential
6789,17962,0.38,1990,25,15,0,BK,-73.95696,40.72246,industrial
8906,20294,0.44,1990,75,44,0,BX,-73.89253,40.831,residential
1849,4429,0.42,1930,52,12,0,BX,-73.87832,40.84034,residential
1821,6946,0.26,1990,21,52,0,MN,-73.95834,40.77328,industrial
176,4452,0.04,1930,95,65,0,MN,-73.96493,40.77424,residential
1040,35560,0.03,1990,343,38,0,MN,-73.9922,40.76504,residential
2939,53465,0.05,1990,449,38,0,MN,-73.99826,40.75691,commercial
157,2111,0.07,1900,46,44,1,MN,-73.97674,40.74879,residential
989,12299,0.08,1990,13,59,0,BK,-73.93695,40.67938,residential
264,1274,0.21,1850,39,25,0,MN,-73.9968,40.73457,commercial
84,1266,0.07,1850,46,51,0,BK,-73.97612,40.68054,residential
12428,52671,0.24,1990,272,12,0,MN,-74.00629,40.74339,residential
1889,3267,0.58,1930,71,117,0,MN,-73.96401,40.80448,residential
522,3850,0.14,1930,61,45,0,BK,-73.99214,40.68873,residential
1928,48925,0.04,1990,91,10,0,MN,-73.9433,40.7864,commercial
15313,47429,0.32,1930,544,18,1,MN,-74.00232,40.71371,residential
1072,99099,0.01,1960,64,70,0,MN,-73.9864,40.77521,residential
829,5577,0.15,1930,31,28,1,QN,-73.75132,40.60251,residential
12897,27075,0.48,1930,68,93,0,BK,-73.96911,40.68689,commercial
8592,17045,0.5,1930,23,151,1,BK,-73.96297,40.6694,residential
466,163243,0.0,1930,259,19,0,MN,-74.00317,40.74108,residential
1525,6414,0.24,1800,104,6,0,MN,-74.00968,40.72554,residential
343,2941,0.12,1990,118,42,1,MN,-73.99311,40.726,public
309,4350,0.07,1990,175,18,1,MN,-74.01044,40.71474,industrial
8139,20051,0.41,1960,23,12,0,MN,-73.93708,40.79703,commercial
357,2164,0.17,1900,84,10,0,MN,-74.00959,40.72423,industrial
